{"cameraMode":{"drawMode":0,"name":"Shaded","section":"Shading Mode"},"sceneLighting":true,"audioPlay":false,"sceneViewState":{"m_AlwaysRefresh":false,"showFog":true,"showSkybox":true,"showFlares":true,"showImageEffects":true,"showParticleSystems":true,"showVisualEffectGraphs":true,"m_FxEnabled":true},"in2DMode":false,"pivot":{"x":5.339190483093262,"y":6.1513237953186039,"z":-2.1293835639953615},"rotation":{"x":0.07674633711576462,"y":0.9058005809783936,"z":-0.37266185879707339,"w":0.1865578144788742},"size":3.514163017272949,"orthographic":false}