{"cameraMode":{"drawMode":0,"name":"Shaded","section":"Shading Mode"},"sceneLighting":true,"audioPlay":false,"sceneViewState":{"m_AlwaysRefresh":false,"showFog":true,"showSkybox":true,"showFlares":true,"showImageEffects":true,"showParticleSystems":true,"showVisualEffectGraphs":true,"m_FxEnabled":true},"in2DMode":false,"pivot":{"x":-2.948594093322754,"y":2.864686965942383,"z":-7.701205730438232},"rotation":{"x":-0.056803010404109958,"y":-0.4278511703014374,"z":-0.026492401957511903,"w":0.9020640850067139},"size":3.0370278358459474,"orthographic":false}