{"cameraMode":{"drawMode":0,"name":"Shaded","section":"Shading Mode"},"sceneLighting":true,"audioPlay":false,"sceneViewState":{"m_AlwaysRefresh":false,"showFog":true,"showSkybox":true,"showFlares":true,"showImageEffects":true,"showParticleSystems":true,"showVisualEffectGraphs":true,"m_FxEnabled":true},"in2DMode":false,"pivot":{"x":1.1450252532958985,"y":0.49048280715942385,"z":-4.038802146911621},"rotation":{"x":-0.07618045806884766,"y":0.4845139980316162,"z":-0.042430754750967029,"w":-0.8704570531845093},"size":7.081864356994629,"orthographic":false}