{"cameraMode":{"drawMode":0,"name":"Shaded","section":"Shading Mode"},"sceneLighting":true,"audioPlay":false,"sceneViewState":{"m_AlwaysRefresh":false,"showFog":true,"showSkybox":true,"showFlares":true,"showImageEffects":true,"showParticleSystems":true,"showVisualEffectGraphs":true,"m_FxEnabled":true},"in2DMode":false,"pivot":{"x":10.676803588867188,"y":2.066147804260254,"z":-11.492631912231446},"rotation":{"x":0.03465208411216736,"y":0.8784149289131165,"z":-0.4728155732154846,"w":0.06376136094331742},"size":0.5342711210250855,"orthographic":false}