{"cameraMode":{"drawMode":0,"name":"Shaded","section":"Shading Mode"},"sceneLighting":false,"audioPlay":false,"sceneViewState":{"m_AlwaysRefresh":false,"showFog":false,"showSkybox":false,"showFlares":false,"showImageEffects":false,"showParticleSystems":false,"showVisualEffectGraphs":true,"m_FxEnabled":true},"in2DMode":false,"pivot":{"x":-0.20810890197753907,"y":3.2986669540405275,"z":-2.0896761417388918},"rotation":{"x":0.051153723150491717,"y":-0.948047935962677,"z":0.2008872926235199,"w":0.24135839939117433},"size":3.9606521129608156,"orthographic":false}