{"cameraMode":{"drawMode":0,"name":"Shaded","section":"Shading Mode"},"sceneLighting":false,"audioPlay":false,"sceneViewState":{"m_AlwaysRefresh":false,"showFog":false,"showSkybox":false,"showFlares":false,"showImageEffects":false,"showParticleSystems":false,"showVisualEffectGraphs":true,"m_FxEnabled":true},"in2DMode":false,"pivot":{"x":-0.3090370297431946,"y":6.040853500366211,"z":-0.14869153499603272},"rotation":{"x":0.006428760942071676,"y":-0.990432858467102,"z":0.12879082560539246,"w":0.049354277551174167},"size":1.560652494430542,"orthographic":false}